City_Id,City,Cloudiness,Country,Date,Humidity,Lat,Lng,Max Temp,Wind Speed
1,Manama,68,AE,1567230099,24,25.33,56.02,100.4,5.82
2,Menongue,0,AO,1567229512,19,-14.66,17.68,59.81,4.32
3,Namibe,10,AO,1567229515,77,-15.19,12.15,63.95,10.02
4,Sumbe,70,AO,1567229978,88,-11.2,13.84,68.63,6.06
5,Barrow,26,AR,1567229510,61,-38.31,-60.23,40.37,6.06
6,Bermejo,0,AR,1567230098,74,-22.73,-64.34,56.93,2.59
7,Comodoro Rivadavia,0,AR,1567230132,67,-45.87,-67.48,42.8,8.05
8,General Roca,0,AR,1567229983,61,-39.03,-67.58,46.4,4.7
9,La Asuncion,41,AR,1567230108,76,-26.05,-65.39,38.57,2.59
10,Mar del Plata,10,AR,1567230012,73,-46.43,-67.52,40.01,15.86
11,Necochea,0,AR,1567230139,72,-38.55,-58.74,40.37,6.71
12,Rio Gallegos,0,AR,1567230070,80,-51.62,-69.22,39.2,21.92
13,San Miguel,20,AR,1567230077,93,-34.54,-58.72,53.6,5.35
14,Santiago del Estero,0,AR,1567230118,46,-27.8,-64.26,52.79,6.76
15,Trelew,33,AR,1567230053,58,-43.25,-65.31,43.97,15.21
16,Ushuaia,75,AR,1567229512,74,-54.81,-68.31,37.4,11.41
17,Mittersill,20,AT,1567230101,88,47.28,12.48,62.6,4.7
18,Alice Springs,0,AU,1567229998,6,-23.7,133.88,78.8,8.05
19,Bluff,1,AU,1567229507,26,-23.58,149.07,77.81,8.84
20,Bowen,1,AU,1567230071,53,-20.01,148.25,77,14.99
21,Burnie,95,AU,1567230146,75,-41.05,145.91,55,5.01
22,Busselton,40,AU,1567229516,37,-33.64,115.35,64.99,19.91
23,Cairns,90,AU,1567230094,45,-16.92,145.77,82.4,16.11
24,Charters Towers,0,AU,1567230010,26,-20.07,146.27,81.59,6.8
25,Codrington,40,AU,1567230085,52,-28.95,153.24,71.6,9.17
26,Cooma,0,AU,1567230030,33,-36.24,149.13,59,12.75
27,Corowa,0,AU,1567229965,44,-36,146.39,63,5.82
28,Emerald,0,AU,1567230138,21,-23.53,148.16,81,8.05
29,Esperance,40,AU,1567229976,55,-33.86,121.89,64.4,24.16
30,Flinders,90,AU,1567229511,63,-34.58,150.85,64.99,8.05
31,Gawler,0,AU,1567230125,30,-34.6,138.75,72,23.04
32,Hobart,0,AU,1567229979,36,-42.88,147.33,64,17.22
33,Jamestown,0,AU,1567229357,41,-33.21,138.6,66.47,13.89
34,Karratha,80,AU,1567229905,20,-20.74,116.85,89.51,7.85
35,Kununurra,0,AU,1567229999,4,-15.77,128.74,91.4,8.05
36,Mareeba,90,AU,1567230128,45,-16.99,145.42,82.4,16.11
37,Margate,0,AU,1567230067,36,-43.03,147.26,64,17.22
38,Moranbah,6,AU,1567230064,28,-22,148.04,79.79,7.47
39,Mount Isa,0,AU,1567230004,12,-20.73,139.49,82.4,5.82
40,New Norfolk,0,AU,1567229970,36,-42.78,147.06,64,17.22
41,Olinda,0,AU,1567230138,45,-37.84,145.39,66.99,17.22
42,Palmer,0,AU,1567229756,30,-34.85,139.16,72,23.04
43,Perth,40,AU,1567229929,52,-31.95,115.86,68,14.99
44,Peterhead,0,AU,1567230108,30,-34.83,138.5,72,23.04
45,Port Hedland,67,AU,1567230084,33,-20.31,118.58,89.6,12.75
46,Port Lincoln,7,AU,1567230030,69,-34.72,135.86,58.91,16.06
47,Port Macquarie,90,AU,1567229927,59,-31.43,152.91,68,5.82
48,Yulara,0,AU,1567230087,6,-25.24,130.99,84.2,6.93
49,Oranjestad,20,AW,1567229741,78,12.52,-70.03,82.4,14.99
50,Khudat,91,AZ,1567230113,62,41.63,48.68,67.37,6.93
51,Cajnice,0,BA,1567230006,82,43.56,19.07,59,3.36
52,Bathsheba,20,BB,1567230013,83,13.22,-59.52,80.6,11.41
53,Khulna,90,BD,1567230130,53,22.82,89.55,93.47,5.59
54,Netrakona,94,BD,1567230097,59,24.88,90.72,92.93,1.45
55,Blankenberge,0,BE,1567229984,87,51.31,3.13,57.99,4.7
56,Banikoara,100,BJ,1567230033,92,11.3,2.44,70.79,9.53
57,Nikki,100,BJ,1567230036,96,9.94,3.21,71.15,3.83
58,Victoria,75,BN,1567229387,49,5.28,115.24,93.2,6.93
59,Chimore,20,BO,1567230005,50,-16.98,-65.13,74.03,2.91
60,Alta Floresta,47,BR,1567230083,35,-9.87,-56.08,75.11,2.28
61,Arinos,69,BR,1567230057,58,-15.92,-46.11,63.05,5.95
62,Arraial do Cabo,0,BR,1567229360,83,-22.97,-42.02,66.11,9.66
63,Boa Esperanca,83,BR,1567230125,63,-1.91,-60,75.65,2.53
64,Bom Jesus,5,BR,1567229999,67,-9.08,-44.36,66.29,3.04
65,Carauari,50,BR,1567230014,77,-4.88,-66.9,74.03,1.81
66,Caravelas,92,BR,1567230014,86,-17.73,-39.27,68.45,4.7
67,Carutapera,79,BR,1567230051,82,-1.2,-46.02,77.45,6.73
68,Cidreira,100,BR,1567230000,91,-30.17,-50.22,61.43,7.74
69,Corbelia,43,BR,1567230069,50,-24.8,-53.31,69.35,9.13
70,Coruripe,10,BR,1567230116,94,-10.12,-36.18,65.03,3
71,Dom Pedrito,100,BR,1567230077,95,-30.98,-54.67,55.49,12.68
72,Itarantim,60,BR,1567230094,96,-15.65,-40.06,57.65,1.5
73,Itarema,57,BR,1567230086,77,-2.92,-39.92,77.09,10.09
74,Maceio,40,BR,1567229510,94,-9.67,-35.74,69.8,2.24
75,Marau,76,BR,1567230093,76,-28.45,-52.2,64.85,2.15
76,Natal,40,BR,1567230052,88,-5.81,-35.21,71.6,4.7
77,Nhamunda,78,BR,1567230102,69,-2.19,-56.71,74.75,1.5
78,Oriximina,59,BR,1567230018,72,-1.77,-55.87,79.07,4.79
79,Paraiso,75,BR,1567229963,100,-0.03,-51.17,82.4,11.41
80,Petrolina de Goias,0,BR,1567230036,43,-16.09,-49.34,69.8,8.05
81,Piacabucu,4,BR,1567230006,82,-10.41,-36.43,71.87,7.38
82,Pimenta Bueno,0,BR,1567230111,49,-11.68,-61.19,77.81,1.16
83,Piranhas,0,BR,1567230059,36,-16.43,-51.82,71.51,1.92
84,Ponta do Sol,8,BR,1567230029,60,-20.63,-46,63.23,5.03
85,Pontes e Lacerda,26,BR,1567230131,53,-15.23,-59.33,76.55,0.92
86,Santa Isabel do Rio Negro,32,BR,1567230008,94,-0.41,-65.02,71.33,1.43
87,Santa Maria,0,BR,1567230121,68,-16.02,-48.01,64.4,1.9
88,Sao Joao da Barra,0,BR,1567230109,93,-21.64,-41.05,64.49,2.48
89,Sao Luis do Quitunde,40,BR,1567230061,94,-9.32,-35.56,69.8,2.24
90,Sao Miguel do Araguaia,37,BR,1567229815,33,-13.28,-50.16,74.03,4.34
91,Touros,40,BR,1567229980,88,-5.2,-35.46,71.6,3.36
92,Trairi,67,BR,1567230135,89,-3.28,-39.27,72.23,8.68
93,Ubatuba,0,BR,1567229943,74,-23.43,-45.08,61.61,5.21
94,Vila Velha,75,BR,1567230100,78,-3.71,-38.6,78.8,16.11
95,Andros Town,40,BS,1567230039,78,24.73,-77.79,82.4,5.82
96,Freeport,13,BS,1567230062,76,26.54,-78.7,84.47,16.78
97,Kang,0,BW,1567230139,24,-23.67,22.79,48.83,14.9
98,Laguna,40,BZ,1567230116,94,16.17,-88.94,77,2.17
99,Bonavista,75,CA,1567230107,76,48.65,-53.11,61,1.01
100,Chapais,90,CA,1567230090,93,49.78,-74.86,51.8,8.05
101,Clyde River,90,CA,1567230081,93,70.47,-68.59,41,17.22
102,Geraldton,5,CA,1567229991,93,49.72,-86.95,44.6,2.24
103,Gimli,39,CA,1567230056,69,50.63,-96.99,55.99,4.85
104,Hamilton,40,CA,1567229995,87,43.26,-79.87,62.01,3.36
105,Hanna,83,CA,1567229831,78,51.64,-111.93,52,1.99
106,Havre-Saint-Pierre,90,CA,1567230001,93,50.23,-63.6,59,9.17
107,High Level,58,CA,1567230016,78,58.52,-117.13,51.53,3.71
108,Hinton,98,CA,1567230011,96,53.4,-117.57,44.51,2.06
109,Iqaluit,90,CA,1567230041,100,63.75,-68.52,41,11.41
110,Iroquois Falls,90,CA,1567230080,100,48.76,-80.69,50,3.36
111,La Ronge,20,CA,1567229983,76,55.1,-105.3,53.6,4.7
112,Marystown,98,CA,1567229988,98,47.17,-55.16,63.41,5.86
113,Mayo,20,CA,1567229910,50,63.59,-135.9,51.8,3.56
114,Norman Wells,90,CA,1567229513,100,65.28,-126.83,42.8,0.51
115,Pangnirtung,100,CA,1567229985,84,66.15,-65.72,41.99,4.72
116,Port Hardy,75,CA,1567229966,93,50.7,-127.42,57.2,6.22
117,Prince Rupert,20,CA,1567230003,93,54.32,-130.32,55.4,3.36
118,Saint-Philippe,75,CA,1567229963,59,45.36,-73.48,66.2,8.05
119,Shelburne,1,CA,1567230063,76,44.08,-80.2,62.01,5.82
120,Sioux Lookout,5,CA,1567230046,100,50.1,-91.92,51.8,2.24
121,Steinbach,75,CA,1567230045,62,49.53,-96.69,57.2,5.82
122,Thompson,75,CA,1567230049,93,55.74,-97.86,41,0.6
123,Tobermory,0,CA,1567229998,91,45.25,-81.67,46,12.68
124,Torbay,90,CA,1567230042,100,47.66,-52.73,66.99,13.87
125,Tuktoyaktuk,75,CA,1567229517,93,69.44,-133.03,35.6,3.36
126,Yellowknife,20,CA,1567229977,70,62.45,-114.38,42.8,5.82
127,Kikwit,60,CD,1567230117,71,-5.04,18.82,75.83,5.68
128,Kindu,77,CD,1567229997,87,-2.95,25.92,73.85,3.96
129,Lodja,94,CD,1567230055,89,-3.52,23.6,72.41,3.44
130,Lusambo,93,CD,1567230076,83,-4.97,23.44,73.67,4.07
131,Mwene-Ditu,94,CD,1567230047,68,-7.01,23.45,73.85,5.97
132,Watsa,98,CD,1567229995,96,3.04,29.53,68.81,2.37
133,Birao,95,CF,1567230053,91,10.3,22.78,73.85,3.02
134,Gamboula,96,CF,1567229993,98,4.12,15.14,67.73,3.8
135,San-Pedro,94,CI,1567229982,98,4.75,-6.64,70.43,2.3
136,Tabou,79,CI,1567230008,95,4.42,-7.36,73.13,2.48
137,Avarua,82,CK,1567230091,56,-21.21,-159.78,69.8,4.7
138,Ancud,20,CL,1567230019,100,-41.87,-73.83,39.2,2.24
139,Castro,20,CL,1567229969,100,-42.48,-73.76,39.2,2.24
140,Coihaique,75,CL,1567230103,80,-45.58,-72.07,39.2,3.36
141,Coquimbo,0,CL,1567230005,93,-29.95,-71.34,51.8,5.82
142,Punta Arenas,75,CL,1567229509,93,-53.16,-70.91,35.6,20.8
143,Elat,83,CM,1567230116,97,2.91,11.16,68.45,1.92
144,Bayan,46,CN,1567229993,43,36.1,102.26,65.57,1.39
145,Chenzhou,71,CN,1567230133,38,25.81,113.03,89.15,6.2
146,Chuzhou,100,CN,1567230060,72,32.25,118.33,78.35,9.84
147,Dandong,0,CN,1567230120,51,40.12,124.37,79.43,6.89
148,Dingtao,65,CN,1567230096,36,35.07,115.56,84.29,4.32
149,Dongsheng,100,CN,1567230042,61,29.72,112.52,74.21,10.65
150,Guilin,40,CN,1567230136,45,25.28,110.29,86,11.18
151,Hami,80,CN,1567229996,7,42.84,93.51,98.15,8.23
152,Jiexiu,0,CN,1567230053,28,37.02,111.92,77.81,5.23
153,Jiuquan,0,CN,1567230111,15,39.73,98.49,83.39,14.56
154,Lamu,46,CN,1567230071,43,35.77,102.37,65.57,1.39
155,Linjiang,51,CN,1567230127,73,41.81,126.91,66.65,4.43
156,Quzhou,99,CN,1567230114,51,28.97,118.86,87.35,3.09
157,Simao,97,CN,1567230064,62,22.76,100.79,81.05,2.89
158,Taihe,36,CN,1567229980,40,26.8,114.92,88.61,6.55
159,Tongren,100,CN,1567229980,65,27.72,109.18,77.45,7.16
160,Wuwei,0,CN,1567229988,21,37.93,102.64,79.79,8.1
161,Xichang,100,CN,1567230054,95,27.88,102.25,56.03,2.53
162,Xinzhou,24,CN,1567230009,25,38.41,112.73,75.83,6.06
163,Yining,100,CN,1567230077,38,29.04,114.56,88.07,3.11
164,Yumen,0,CN,1567229982,11,40.29,97.04,88.79,18.03
165,Zhanjiang,100,CN,1567230100,84,21.2,110.4,82.13,11.3
166,Cabras,100,CO,1567230098,96,5.5,-75.6,55.99,1.01
167,Pital,62,CO,1567230068,90,2.27,-75.81,53.51,4.32
168,Puerto Ayacucho,87,CO,1567229999,80,5.66,-67.63,78.17,2.8
169,Santa Marta,75,CO,1567229994,83,11.24,-74.21,84.2,6.93
170,Uribia,10,CO,1567230065,76,11.71,-72.27,81.23,7.67
171,Vigia del Fuerte,99,CO,1567230104,97,6.58,-76.89,73.85,1.95
172,Sao Filipe,88,CV,1567229962,80,14.9,-24.5,78.35,10.89
173,Brno,0,CZ,1567230096,88,49.19,16.61,69.01,3.36
174,Hof,0,DE,1567230126,81,50.32,11.92,66.99,3.56
175,Sangerhausen,0,DE,1567230126,93,51.47,11.3,66,6.93
176,Mao,75,DO,1567229836,100,19.55,-71.08,78.01,3.04
177,Adrar,95,DZ,1567229986,33,27.87,-0.29,86,13.87
178,Puerto Ayora,27,EC,1567229506,94,-0.74,-90.35,70,1.99
179,San Vicente,20,EC,1567230041,88,-0.59,-80.41,68,6.93
180,Vao,57,EE,1567229981,79,59.1,26.19,61.43,6.29
181,Asyut,0,EG,1567230067,44,27.18,31.19,78.8,11.41
182,Diyarb Najm,0,EG,1567230015,83,30.75,31.44,78.01,3.36
183,Edd,22,ER,1567230024,27,13.93,41.69,96.35,7.25
184,Algeciras,40,ES,1567230137,88,36.13,-5.45,75.2,8.05
185,Cabra,0,ES,1567230087,64,37.47,-4.43,73,2.39
186,Los Llanos de Aridane,90,ES,1567230044,69,28.66,-17.92,73.4,13.87
187,Muros,75,ES,1567229518,100,42.77,-9.06,64.99,1.12
188,Palencia,0,ES,1567230078,63,42.01,-4.53,64,3.36
189,Puerto del Rosario,40,ES,1567230061,83,28.5,-13.86,73.4,16.11
190,Teguise,40,ES,1567230082,88,29.06,-13.56,71.6,14.99
191,Lebu,11,ET,1567229960,78,8.96,38.73,61.25,4.12
192,Laukaa,0,FI,1567230095,93,62.42,25.95,55,4.7
193,Klaksvik,99,FO,1567230038,100,62.23,-6.59,50,1.12
194,Ajaccio,0,FR,1567230033,77,41.93,8.74,73.4,8.05
195,Carquefou,0,FR,1567230119,93,47.3,-1.49,59,4.7
196,La Seyne-sur-Mer,0,FR,1567229850,68,43.1,5.88,75,3.36
197,Saint-Dizier,0,FR,1567229967,76,48.64,4.95,57.2,3.36
198,Saint-Joseph,0,FR,1567230097,72,43.56,6.97,75.2,4.7
199,Souillac,0,FR,1567229991,88,45.6,-0.6,64.4,4.7
200,Uch,75,FR,1567229984,93,45.32,-0.93,68,4.7
201,Veraval,0,FR,1567230027,76,49.65,0.71,64.4,6.93
202,Villers-les-Nancy,0,FR,1567229919,76,48.67,6.15,62.6,1.12
203,Omboue,100,GA,1567230080,87,-1.57,9.26,74.93,13.13
204,Port-Gentil,75,GA,1567230057,88,-0.72,8.78,77,12.75
205,Broome,0,GB,1567230071,93,52.47,1.45,60.01,9.17
206,Gardenstown,100,GB,1567230070,87,57.67,-2.34,59,17.22
207,Ilfracombe,100,GB,1567230124,88,51.21,-4.13,62.6,31.09
208,Kirkwall,100,GB,1567230007,93,58.98,-2.96,51.8,6.93
209,Liverpool,90,GB,1567229831,82,53.41,-2.98,62.01,8.05
210,Sandwick,100,GB,1567230138,93,54.57,-2.89,62.01,16.11
211,Scarborough,43,GB,1567229997,93,54.28,-0.41,61,9.17
212,Khani,40,GE,1567230062,94,41.96,42.96,68,2.24
213,Cayenne,47,GF,1567230128,88,4.94,-52.33,77,4.63
214,Takoradi,98,GH,1567230141,91,4.89,-1.75,73.67,6.29
215,Ilulissat,0,GL,1567230134,30,69.22,-51.1,42.8,27.51
216,Maniitsoq,52,GL,1567229999,62,65.42,-52.9,44.51,9.31
217,Nanortalik,1,GL,1567229975,89,60.14,-45.24,41.09,2.51
218,Narsaq,10,GL,1567230059,70,60.91,-46.05,42.8,3.36
219,Nuuk,12,GL,1567230023,75,64.17,-51.74,41,2.24
220,Qaanaaq,95,GL,1567229975,50,77.48,-69.36,40.19,11.72
221,Qaqortoq,10,GL,1567230098,70,60.72,-46.03,42.8,3.36
222,Qasigiannguit,0,GL,1567230062,30,68.82,-51.19,42.8,27.51
223,Tasiilaq,0,GL,1567229974,56,65.61,-37.64,41,2.24
224,Upernavik,87,GL,1567229447,55,72.79,-56.15,44.69,14.94
225,Barra,99,GM,1567230089,83,13.49,-16.54,79.79,19.28
226,Saint George,20,GR,1567230131,52,39.45,22.34,75.99,2.24
227,Georgetown,0,GY,1567229975,100,6.8,-58.16,75.2,3.38
228,San Jose,90,HN,1567229939,88,14.25,-87.96,75.2,5.82
229,Biograd na Moru,0,HR,1567229511,47,43.94,15.45,78.8,6.93
230,Atambua,66,ID,1567230127,65,-9.11,124.89,76.19,6.15
231,Banda Aceh,94,ID,1567230050,78,5.56,95.32,83.21,23.53
232,Biak,49,ID,1567230106,79,-0.91,122.88,72.05,3.44
233,Gorontalo,25,ID,1567229907,64,0.54,123.06,83.93,9.66
234,Japura,100,ID,1567230095,37,-0.42,102.29,89.69,4.47
235,Kendari,98,ID,1567230031,57,-3.99,122.52,84.11,7.27
236,Labuhan,0,ID,1567230081,35,-2.54,115.51,95.09,3.18
237,Majene,99,ID,1567229964,69,-3.54,118.97,81.05,11.45
238,Manggar,5,ID,1567230120,51,-2.88,108.27,88.25,11.56
239,Manokwari,49,ID,1567229841,87,-0.87,134.08,77.09,2.8
240,Nabire,34,ID,1567229960,61,-3.36,135.5,81.41,6.62
241,Padang,86,ID,1567230013,81,-0.92,100.36,81.41,7.47
242,Puri,34,ID,1567230107,30,-7.54,112.45,94.37,8.3
243,Sibolga,100,ID,1567230042,76,1.74,98.78,81.95,3.67
244,Sumenep,84,ID,1567229514,37,-7.02,113.87,90.59,14
245,Sungairaya,0,ID,1567230017,76,0.7,108.9,81.23,12.28
246,Tual,100,ID,1567230072,83,-5.67,132.75,75.47,11.72
247,Ballina,75,IE,1567230047,100,54.11,-9.15,54,13.87
248,Skibbereen,40,IE,1567230144,87,51.55,-9.27,53.6,11.41
249,Bharatpur,19,IN,1567229908,42,27.22,77.5,97.97,5.86
250,Chakrata,75,IN,1567230105,83,30.7,77.87,84.2,3.36
251,Chengam,100,IN,1567230142,55,12.3,78.79,85.37,15.82
252,Chinchani,75,IN,1567229516,69,16.42,74.53,77,9.17
253,Dadri,40,IN,1567230092,59,28.55,77.56,95,2.24
254,Ginda,75,IN,1567230018,83,30.69,78.49,84.2,3.36
255,Jammalamadugu,75,IN,1567230052,62,14.85,78.38,87.8,19.46
256,Kandla,78,IN,1567230066,66,23.02,70.21,88.61,8.9
257,Karhal,0,IN,1567230004,45,27,78.94,96.71,6.02
258,Kavaratti,98,IN,1567230104,78,10.57,72.64,81.77,17.45
259,Leh,4,IN,1567230075,27,34.16,77.58,57.11,7.87
260,Phek,100,IN,1567230058,72,25.7,94.46,86.63,2.89
261,Porbandar,75,IN,1567230025,89,21.64,69.61,84.2,9.17
262,Port Blair,75,IN,1567230043,79,11.67,92.75,86,13.87
263,Rajpur,14,IN,1567230132,44,26.3,79.68,96.71,6.55
264,Vaini,75,IN,1567229515,69,15.34,74.49,77,9.17
265,Ayan,40,IR,1567230083,56,38.23,44.7,68,7.45
266,Bijar,0,IR,1567230119,48,35.87,47.6,70.61,11.99
267,Birjand,0,IR,1567230044,23,32.86,59.22,73.4,13.87
268,Mitu,1,IR,1567230118,40,36.2,46.09,74.21,2.51
269,Nahavand,0,IR,1567230093,35,34.19,48.37,75.2,4.7
270,Qeshm,29,IR,1567230114,56,26.96,56.27,96.8,4.7
271,Saveh,0,IR,1567229972,31,35.02,50.36,75.47,9.19
272,Hofn,100,IS,1567229987,86,64.25,-15.21,32.27,16.44
273,Vestmannaeyjar,62,IS,1567229964,73,63.44,-20.27,48.65,14.58
274,Bastia,0,IT,1567230036,61,44.6,8.98,78.8,10.29
275,Bose,0,IT,1567230028,77,45.46,8.01,72,5.82
276,Mantua,40,IT,1567230079,69,45.16,10.79,81,3.36
277,Mazara del Vallo,20,IT,1567230040,83,37.65,12.59,73,4.7
278,Orbetello,0,IT,1567230019,83,42.44,11.21,75,3.36
279,Paterno,0,IT,1567230011,76,42.06,13.47,75,6.93
280,Hasaki,75,JP,1567230022,58,35.73,140.83,86,9.17
281,Hirara,75,JP,1567230082,70,24.8,125.28,89.6,12.75
282,Kamaishi,40,JP,1567230128,48,39.28,141.86,84.2,10.29
283,Kamiiso,40,JP,1567230020,74,41.82,140.65,78.8,18.34
284,Katsuura,75,JP,1567230061,73,33.93,134.5,77,2.24
285,Kushiro,75,JP,1567230088,100,43.11,144.15,66.2,4.7
286,Nagato,75,JP,1567230073,58,34.35,131.14,82.99,10.29
287,Nara,75,JP,1567230065,54,34.68,135.8,87.01,6.93
288,Nemuro,75,JP,1567230052,100,43.32,145.57,64.4,4.7
289,Nishihara,75,JP,1567230096,62,35.74,139.53,91,6.93
290,Sakaiminato,75,JP,1567229519,48,35.55,133.23,86,16.11
291,Shimoda,40,JP,1567230103,66,34.7,138.93,86,17.22
292,Tateyama,40,JP,1567230076,58,36.66,137.31,86,4.7
293,Towada,75,JP,1567230095,45,40.61,141.21,86,14.99
294,Garissa,64,KE,1567230135,60,-0.46,39.64,79.43,15.48
295,Lodwar,0,KE,1567230105,48,3.12,35.6,82.85,17.83
296,Butaritari,52,KI,1567229959,61,3.07,172.79,84.47,10.18
297,Fomboni,5,KM,1567230021,73,-12.28,43.74,76.91,8.86
298,Mitsamiouli,20,KM,1567230060,78,-11.38,43.28,75.2,2.24
299,Derzhavinsk,100,KZ,1567230090,78,51.1,66.31,47.75,19.17
300,Zhezkazgan,75,KZ,1567230121,66,47.8,67.71,51.8,20.13
301,Hambantota,40,LK,1567230043,70,6.12,81.12,87.8,17.22
302,Kalmunai,100,LK,1567229969,34,7.42,81.82,94.91,6.87
303,Buchanan,75,LR,1567230009,94,5.88,-10.05,75.2,9.17
304,Awbari,0,LY,1567230026,22,26.59,12.77,83.39,1.81
305,Nalut,90,LY,1567229972,91,31.86,10.98,70.61,15.14
306,Sabha,0,LY,1567230040,22,27.03,14.43,82.85,6.98
307,Tiznit,50,MA,1567229986,90,29.7,-9.73,66.83,8.61
308,Ambanja,75,MG,1567230021,88,-13.68,48.45,73.4,2.24
309,Beloha,0,MG,1567230064,35,-25.17,45.06,78.17,2.84
310,Sambava,97,MG,1567230077,67,-14.27,50.17,70.43,2.26
311,Poum,0,MK,1567230034,59,41.28,20.71,60.8,6.93
312,Douentza,83,ML,1567230045,71,15.01,-2.95,79.61,5.1
313,Taoudenni,0,ML,1567229511,38,22.68,-3.98,91.13,3.42
314,Maymyo,90,MM,1567230135,79,22.03,96.47,87.8,2.24
315,Pathein,100,MM,1567230035,90,16.78,94.73,78.53,9.33
316,Pyay,100,MM,1567230133,84,18.82,95.22,81.59,4.79
317,Mandalgovi,0,MN,1567230068,24,45.76,106.27,75.83,4.63
318,Atar,87,MR,1567229971,55,20.52,-13.05,87.35,14.7
319,Bambous Virieux,75,MU,1567229505,60,-20.34,57.76,77,18.34
320,Mahebourg,75,MU,1567229985,60,-20.41,57.7,75.99,18.34
321,Dhidhdhoo,100,MV,1567230084,76,6.88,73.1,82.31,11.7
322,Hithadhoo,20,MV,1567230002,71,-0.6,73.08,82.85,8.25
323,Kudahuvadhoo,100,MV,1567230131,71,2.67,72.89,82.85,8.25
324,Cabo San Lucas,75,MX,1567230069,78,22.89,-109.91,84,6.93
325,Coahuayana,50,MX,1567230138,90,18.62,-100.35,70.61,2.55
326,Constitucion,62,MX,1567230122,82,23.99,-104.67,62.01,4
327,Frontera,6,MX,1567230124,76,18.53,-92.64,83.03,5.99
328,Guerrero Negro,50,MX,1567229996,88,27.97,-114.04,68.81,11.54
329,Isla Mujeres,40,MX,1567230031,100,21.23,-86.73,77,4.7
330,Ixtapa,5,MX,1567230106,83,20.71,-105.21,80.6,4.9
331,Lazaro Cardenas,57,MX,1567230130,71,28.39,-105.62,67.91,3.13
332,Manzanillo,16,MX,1567230024,75,19.05,-104.32,82.49,5.46
333,Salamanca,40,MX,1567230055,59,20.57,-101.19,66.2,5.82
334,Tres Palos,20,MX,1567230083,83,16.83,-99.78,84.2,3.96
335,Venado,0,MX,1567230085,61,22.93,-101.09,61.97,12.5
336,Bintulu,75,MY,1567230112,66,3.17,113.03,91.4,9.17
337,Butterworth,75,MY,1567230079,55,5.4,100.37,91.4,13.87
338,Kuantan,75,MY,1567230132,62,3.82,103.33,89.6,4.7
339,Inhambane,40,MZ,1567230023,73,-23.87,35.38,75.2,11.41
340,Luangwa,7,MZ,1567229997,35,-15.62,30.4,75.65,4.23
341,Gobabis,0,NA,1567230038,28,-22.45,18.97,42.8,1.12
342,Henties Bay,0,NA,1567229981,88,-22.12,14.28,45,17.78
343,Luderitz,0,NA,1567230108,66,-26.65,15.16,53.6,18.34
344,Opuwo,0,NA,1567230073,43,-18.06,13.84,55.85,0.31
345,Koumac,38,NC,1567230003,77,-20.56,164.28,73.13,14.9
346,Diffa,33,NE,1567230115,54,13.32,12.61,82.49,10.25
347,Ouallam,92,NE,1567230065,65,14.32,2.08,81.59,9.04
348,Hadejia,38,NG,1567230126,80,12.45,10.04,76.91,7.99
349,Lokoja,74,NG,1567229964,95,7.8,6.74,72.77,3.06
350,Mana,70,NG,1567229968,76,13.03,5.27,77.63,3.96
351,Naze,99,NG,1567230017,93,5.43,7.07,74.21,3.31
352,Ermelo,26,NL,1567230032,93,52.3,5.62,61,1.12
353,Leeuwarden,0,NL,1567230001,82,53.2,5.79,62.6,6.93
354,Rotterdam,0,NL,1567229508,93,51.92,4.46,62.01,1.12
355,Batsfjord,99,NO,1567230124,95,70.63,29.72,51.71,10.92
356,Havoysund,40,NO,1567230107,93,71,24.66,53.6,16.11
357,Longyearbyen,75,NO,1567229513,93,78.22,15.63,44.6,3.36
358,Mehamn,100,NO,1567229962,91,71.03,27.85,53.69,6.62
359,Oksfjord,75,NO,1567229961,93,70.24,22.35,53.6,6.93
360,Raudeberg,100,NO,1567230113,93,61.99,5.14,57.2,5.82
361,Roald,75,NO,1567230015,87,62.58,6.12,57.2,19.35
362,Rorvik,83,NO,1567229979,88,64.86,11.24,59,1.01
363,Jumla,27,NP,1567230102,52,29.28,82.18,72.41,5.84
364,Ahipara,14,NZ,1567230016,73,-35.17,173.16,55.85,14.18
365,Clyde,11,NZ,1567230069,43,-45.19,169.32,57.99,1.99
366,Dunedin,0,NZ,1567229887,58,-45.87,170.5,55,8.01
367,Hastings,0,NZ,1567230045,92,-39.64,176.84,44.51,2.37
368,Kaeo,11,NZ,1567229507,60,-35.1,173.78,60.01,7
369,Kaitangata,68,NZ,1567230092,63,-46.28,169.85,55.99,8.01
370,Mataura,57,NZ,1567229513,85,-46.19,168.86,52,14
371,Ngunguru,0,NZ,1567229973,71,-35.62,174.5,56.57,10.87
372,Te Anau,38,NZ,1567229971,86,-45.41,167.72,46.49,8.77
373,Tuatapere,53,NZ,1567229990,85,-46.13,167.69,52,14
374,Waipawa,0,NZ,1567230054,92,-39.94,176.59,44.51,2.37
375,Sur,15,OM,1567229976,31,22.57,59.53,94.19,11.86
376,Chichica,93,PA,1567230137,69,8.49,-82.16,57.99,4
377,Chipiona,12,PE,1567230032,86,-14.54,-75.2,55.49,5.08
378,Contamana,76,PE,1567230097,77,-7.35,-75.01,73.85,2.73
379,Huarmey,67,PE,1567230060,93,-10.07,-78.15,59.63,13.06
380,Pisco,2,PE,1567229992,87,-13.71,-76.2,57,4.7
381,Talara,1,PE,1567230054,93,-4.58,-81.27,62.33,14.14
382,Atuona,13,PF,1567230002,79,-9.8,-139.03,79.43,18.37
383,Faanui,0,PF,1567229984,77,-16.48,-151.75,77.81,10.67
384,Rikitea,72,PF,1567229518,76,-23.12,-134.97,72.23,20.31
385,Tautira,75,PF,1567229515,74,-17.73,-149.15,80.6,10.29
386,Teahupoo,75,PF,1567230026,74,-17.83,-149.27,80.6,10.29
387,Tevaitoa,26,PF,1567230058,81,-16.78,-151.5,76.73,12.39
388,Tiarei,75,PF,1567229968,74,-17.53,-149.33,80.6,10.29
389,Kavieng,99,PG,1567229507,71,-2.57,150.8,84.11,5.95
390,Kimbe,40,PG,1567229996,56,-5.56,150.15,86.27,8.16
391,Kiunga,81,PG,1567230049,72,-6.12,141.3,83.03,3.94
392,Lorengau,90,PG,1567229517,80,-2.02,147.27,82.31,8.46
393,Namatanai,100,PG,1567229989,82,-3.66,152.44,79.79,22.01
394,Panguna,96,PG,1567230048,78,-6.32,155.48,82.13,15.43
395,Popondetta,55,PG,1567229993,89,-8.77,148.24,72.05,2.48
396,Vanimo,13,PG,1567229962,73,-2.67,141.3,83.39,8.63
397,Aloleng,100,PH,1567230086,80,16.13,119.78,81.59,14.41
398,Araceli,30,PH,1567229998,53,10.55,119.99,89.33,3.02
399,Dingle,95,PH,1567229978,85,11,122.67,80.69,3.27
400,Sabang,100,PH,1567229990,82,13.8,121.11,81.05,5.91
401,San Quintin,99,PH,1567230039,83,17.54,120.52,79.79,4.5
402,Santander,75,PH,1567230037,62,9.42,123.33,89.6,11.41
403,Ternate,75,PH,1567230099,79,14.29,120.72,87.01,9.17
404,Radom,0,PL,1567229865,75,51.4,21.15,69.01,6.24
405,Belmonte,0,PT,1567230035,65,40.36,-7.35,73,1.61
406,Camara de Lobos,40,PT,1567230088,64,32.63,-16.97,69.8,9.17
407,Lagoa,0,PT,1567229963,47,37.14,-8.45,75.2,5.82
408,Ponta Delgada,20,PT,1567230110,100,37.73,-25.67,71.6,5.82
409,Praia da Vitoria,20,PT,1567230121,88,38.73,-27.07,69.8,4.07
410,Ribeira Grande,28,PT,1567230021,90,38.52,-28.7,73.67,8.5
411,Saldanha,0,PT,1567229968,47,41.42,-6.55,66.29,0.96
412,Vila Franca do Campo,20,PT,1567229961,100,37.72,-25.43,71.6,5.82
413,Benjamin Aceval,75,PY,1567230129,83,-24.97,-57.57,73.4,17.22
414,Mayor Pablo Lagerenza,0,PY,1567230056,43,-19.93,-60.77,76.37,4.74
415,San Patricio,97,PY,1567230003,94,-26.98,-56.83,65.57,11.32
416,Manta,0,RO,1567229970,49,45.1,24.1,71.15,3.2
417,Stefan cel Mare,0,RO,1567230088,82,46.98,26.52,78.01,3.36
418,Aleksandrovsk-Sakhalinskiy,99,RU,1567230080,88,50.9,142.16,59.63,5.08
419,Anadyr,75,RU,1567229514,71,64.73,177.51,53.6,11.18
420,Aykhal,75,RU,1567230048,63,65.95,111.51,60.8,2.24
421,Aykino,4,RU,1567230146,56,62.22,49.99,51.89,5.12
422,Batagay-Alyta,18,RU,1567230063,47,67.8,130.41,51.71,4.14
423,Baykit,65,RU,1567229994,51,61.68,96.39,67.01,11.43
424,Belaya Gora,0,RU,1567230145,39,68.54,146.19,47.93,1.25
425,Bogotol,5,RU,1567230057,44,56.21,89.53,73.49,6.67
426,Bredy,94,RU,1567230034,63,52.43,60.33,49.01,15.39
427,Cherskiy,97,RU,1567229506,71,68.75,161.3,39.11,7.34
428,Chokurdakh,100,RU,1567229519,58,70.62,147.9,38.57,4.05
429,Chuchkovo,0,RU,1567230143,65,54.27,41.45,57.65,3.49
430,Dikson,100,RU,1567229978,94,73.51,80.55,40.37,14.97
431,Egvekinot,99,RU,1567230140,77,66.32,-179.17,50.99,4.29
432,Kamen-Rybolov,82,RU,1567230007,65,44.75,132.04,71.15,10.18
433,Kayerkan,40,RU,1567229991,71,69.35,87.76,55.4,15.66
434,Khatanga,26,RU,1567229965,38,71.98,102.47,55.49,6.31
435,Khuzhir,30,RU,1567230122,28,53.19,107.35,77.81,2.35
436,Kolpashevo,25,RU,1567230038,44,58.31,82.9,67.91,18.61
437,Komsomolskiy,100,RU,1567230059,87,67.55,63.78,46.67,16.2
438,Krasnooktyabrskiy,0,RU,1567230115,32,44.93,38.37,72,8.95
439,Kurumkan,73,RU,1567230143,42,54.33,110.32,62.15,6.02
440,Kuytun,99,RU,1567229961,57,54.34,101.51,75.83,3.56
441,Kyren,55,RU,1567230009,31,51.68,102.13,67.19,0.81
442,Lakhdenpokhya,87,RU,1567229995,80,61.52,30.2,63,4.23
443,Lavrentiya,100,RU,1567230022,86,65.58,-170.99,46.85,5.99
444,Leningradskiy,100,RU,1567229512,95,69.38,178.42,41.45,9.04
445,Leshukonskoye,91,RU,1567230123,69,64.9,45.76,54.77,2.53
446,Livadiya,41,RU,1567230067,70,42.87,132.68,69.89,7.36
447,Magdagachi,83,RU,1567230042,35,53.45,125.8,69.53,4.81
448,Mezen,75,RU,1567230110,71,65.85,44.24,56.03,5.1
449,Mezhdurechensk,0,RU,1567230115,52,53.69,88.07,76.91,3.71
450,Moshenskoye,24,RU,1567230008,85,58.52,34.59,63.41,2.89
451,Naryan-Mar,0,RU,1567230058,67,67.67,53.09,46.85,4.23
452,Nefteyugansk,90,RU,1567230144,100,61.09,72.61,50,8.95
453,Nikolskoye,40,RU,1567229514,88,59.7,30.79,66,11.18
454,Nizhnyaya Poyma,100,RU,1567230051,89,56.16,97.2,65.39,4.23
455,Novotitarovskaya,0,RU,1567230144,32,45.24,38.97,72,8.95
456,Novyy Urengoy,52,RU,1567229975,61,66.08,76.63,54.41,21.47
457,Nyurba,91,RU,1567230104,46,63.29,118.35,67.73,2.62
458,Okhotsk,82,RU,1567229995,72,59.36,143.24,60.89,11.88
459,Oktyabrskoye,0,RU,1567230129,38,56.73,85.44,75,15.66
460,Ola,100,RU,1567230139,90,59.58,151.3,52.43,8.93
461,Ostrovnoy,48,RU,1567229974,80,68.05,39.51,59.09,16.89
462,Ozernovskiy,95,RU,1567230090,92,51.5,156.52,50.45,4
463,Ozinki,80,RU,1567230075,63,51.2,49.73,56.03,7.36
464,Petukhovo,100,RU,1567229977,90,55.06,67.89,46.49,16.93
465,Pevek,82,RU,1567230012,82,69.7,170.27,38.21,6.38
466,Plastun,89,RU,1567230084,91,44.76,136.29,61.25,2.86
467,Povorino,13,RU,1567229987,80,51.2,42.24,64.99,5.17
468,Provideniya,100,RU,1567230046,71,64.42,-173.23,48.65,10
469,Sangar,79,RU,1567230081,37,63.92,127.47,67.73,4.56
470,Saskylakh,0,RU,1567230023,46,71.97,114.09,53.87,5.5
471,Severo-Kurilsk,39,RU,1567230085,88,50.68,156.12,50.81,13.22
472,Solnechnyy,100,RU,1567230136,90,50.72,136.64,55.67,3.53
473,Svetlogorsk,75,RU,1567230020,57,53.14,59.15,48.2,17.9
474,Talnakh,40,RU,1567229972,71,69.49,88.39,55.4,15.66
475,Tiksi,19,RU,1567229291,61,71.64,128.87,41.45,7.05
476,Tura,21,RU,1567230060,44,64.27,100.22,59.45,5.79
477,Turukhansk,90,RU,1567229989,50,65.8,87.96,64.13,14.81
478,Usinsk,34,RU,1567230146,77,66,57.56,46.31,13.82
479,Ust-Maya,27,RU,1567230109,48,60.42,134.54,67.01,3.58
480,Ust-Nera,70,RU,1567230034,47,64.57,143.24,48.83,2.64
481,Ust-Omchug,100,RU,1567230074,89,61.13,149.63,44.51,1.61
482,Verkhnevilyuysk,39,RU,1567230118,42,63.45,120.31,70.43,1.19
483,Vilyuysk,85,RU,1567230120,45,63.75,121.63,67.37,3
484,Vitim,1,RU,1567230141,40,59.44,112.57,68.09,4.81
485,Vostok,100,RU,1567230002,94,46.45,135.83,61.25,4.85
486,Yar-Sale,100,RU,1567230047,85,66.83,70.83,48.47,15.84
487,Zheleznodorozhnyy,90,RU,1567230128,93,55.75,38,61,2.24
488,Zhigansk,1,RU,1567230072,48,66.77,123.37,63.59,4.9
489,Zilupe,85,RU,1567230095,92,56.39,28.12,59.63,4.68
490,Zubtsov,17,RU,1567230094,83,56.17,34.59,62.51,1.25
491,Zvenigovo,0,RU,1567230129,66,55.97,48.02,50,4.47
492,Abha,0,SA,1567229985,17,18.22,42.5,77,4.79
493,Mecca,6,SA,1567230073,51,21.43,39.83,88.97,4.43
494,Najran,0,SA,1567229965,15,17.54,44.22,87.8,4.7
495,Riyadh,0,SA,1567229517,13,24.63,46.72,95,5.82
496,Buala,75,SB,1567230082,78,-8.15,159.59,81.95,8.57
497,Kirakira,100,SB,1567230029,79,-10.46,161.92,81.41,10.09
498,Abu Zabad,79,SD,1567230041,65,12.35,29.25,80.69,6.46
499,Kutum,0,SD,1567230037,53,14.2,24.66,77.81,6.31
500,Marabba,46,SD,1567230031,61,12.35,32.18,83.93,11.83
501,Nynashamn,100,SE,1567229986,93,58.9,17.95,61,3.36
502,Vanersborg,100,SE,1567229966,100,58.38,12.32,64,8.05
503,Gberia Fotombu,83,SL,1567230009,99,9.88,-11.17,67.37,1.95
504,Touba,96,SN,1567230078,89,14.86,-15.88,76.55,5.79
505,Bandarbeyla,16,SO,1567230066,44,9.49,50.81,88.43,28.57
506,Hargeysa,0,SO,1567230106,73,9.56,44.06,69.8,23.04
507,Nieuw Amsterdam,0,SR,1567230048,94,5.88,-55.08,77,4.7
508,Abu Kamal,0,SY,1567230134,37,34.45,40.92,85.73,16.46
509,Abu Samrah,0,SY,1567230013,43,35.3,37.18,82.49,6.85
510,Cockburn Town,37,TC,1567230022,78,21.46,-71.14,83.57,13.42
511,Adre,25,TD,1567230111,70,13.47,22.2,76.37,2.98
512,Biltine,1,TD,1567230082,67,14.53,20.93,81.23,8.99
513,Airai,92,TL,1567230034,48,-8.93,125.41,80.33,5.61
514,Kaka,0,TM,1567230122,15,37.35,59.62,78.89,7.43
515,Emirdag,0,TR,1567229989,76,39.02,31.15,57.2,5.82
516,Poros,0,TR,1567230100,49,40.9,26.22,69.8,6.93
517,Safranbolu,20,TR,1567230079,100,41.25,32.69,61,1.03
518,Biharamulo,40,TZ,1567230068,51,-2.64,31.31,73.85,3.69
519,Dodoma,2,TZ,1567230092,56,-6.18,35.75,72.23,4.05
520,Sola,6,TZ,1567230000,51,-3.17,33.8,77.27,3.18
521,Vikindu,20,TZ,1567230136,88,-6.98,39.3,75.2,4.7
522,Svarychiv,0,UA,1567230109,93,48.96,24.19,64.4,2.24
523,Gulu,48,UG,1567230063,90,2.77,32.3,69.53,3.11
524,Alamogordo,1,US,1567230015,53,32.9,-105.96,80.6,12.75
525,Albany,75,US,1567229744,72,42.65,-73.75,62.6,4.63
526,Altus,40,US,1567230126,83,34.64,-99.33,73.4,11.41
527,Avera,1,US,1567229960,100,33.19,-82.53,73.4,4.27
528,Baker City,1,US,1567230142,72,44.77,-117.83,75.2,5.82
529,Bethel,90,US,1567230020,76,60.79,-161.76,57.2,6.93
530,Bloomington,90,US,1567230032,82,40.47,-88.99,64.99,9.17
531,Camden,40,US,1567230026,100,39.94,-75.12,75,4.45
532,College,75,US,1567230028,67,64.86,-147.8,57.2,5.82
533,Conway,20,US,1567230120,94,35.09,-92.44,75.2,0.85
534,Coos Bay,1,US,1567229516,93,43.37,-124.22,62.01,3.36
535,Enterprise,1,US,1567230077,11,36.05,-115.22,96.8,4.7
536,Eureka,1,US,1567230001,82,40.8,-124.16,60.01,4.7
537,Fairbanks,1,US,1567229959,67,64.84,-147.72,59,4.32
538,Fairlie,1,US,1567230029,94,33.31,-95.96,75.99,4.7
539,Fallon,1,US,1567229992,87,46.84,-105.12,55.4,4.7
540,Fergus Falls,1,US,1567229834,76,46.28,-96.08,60.8,4.7
541,Flagstaff,1,US,1567230087,54,35.2,-111.65,80.6,4.25
542,Fortuna,1,US,1567229993,87,40.6,-124.16,60.01,13.35
543,Goldsboro,1,US,1567230093,100,35.38,-77.99,69.01,3.31
544,Grand Forks,1,US,1567230001,81,47.91,-97.06,53.6,6.93
545,Half Moon Bay,1,US,1567229973,77,37.46,-122.43,66.2,13.87
546,Havelock,1,US,1567229684,78,34.88,-76.9,77,2.71
547,Hilo,90,US,1567229508,83,19.71,-155.08,78.8,5.82
548,Homer,90,US,1567229938,87,59.64,-151.54,55,6.93
549,Kahului,20,US,1567230025,74,20.89,-156.47,82,14.99
550,Kailua,1,US,1567230043,69,21.39,-157.74,84.2,9.17
551,Kapaa,20,US,1567230011,69,22.08,-159.32,84.2,11.41
552,Kodiak,1,US,1567229510,87,39.95,-94.76,64,6.93
553,Limon,75,US,1567230142,93,39.26,-103.69,66,10.29
554,Lompoc,90,US,1567229833,93,34.64,-120.46,64.99,5.82
555,Makakilo City,1,US,1567230113,61,21.35,-158.09,84.2,5.82
556,Morris,1,US,1567230074,87,45.59,-95.91,60.8,3.36
557,Newport,1,US,1567229943,88,41.49,-71.31,70,4
558,North Bend,1,US,1567230089,93,43.41,-124.22,62.01,3.36
559,North Myrtle Beach,1,US,1567229895,83,33.83,-78.68,80.6,3.36
560,North Platte,90,US,1567229967,88,41.12,-100.77,68,6.93
561,Orchard Homes,1,US,1567230143,82,46.86,-114.05,59,2.08
562,Pacific Grove,90,US,1567229509,77,36.62,-121.92,66.99,8.05
563,Pell City,1,US,1567230117,100,33.59,-86.29,71.6,2.59
564,Pleasanton,1,US,1567230005,72,37.66,-121.87,69.01,4.7
565,Port Elizabeth,1,US,1567229974,82,39.31,-74.98,73.99,4.72
566,Port Lavaca,1,US,1567229988,88,28.61,-96.63,82.4,6.93
567,Portland,1,US,1567229886,72,43.66,-70.25,64.4,5.82
568,Putnam,1,US,1567230099,77,41.92,-71.91,69.01,6.93
569,Redlands,1,US,1567230074,49,34.06,-117.19,79,3.56
570,Rio Grande City,1,US,1567229927,78,26.38,-98.82,84,5.82
571,Robstown,75,US,1567230040,94,27.79,-97.67,84.99,9.57
572,Russell,1,US,1567230086,88,38.9,-98.86,68,6.93
573,Sevierville,1,US,1567230014,100,35.87,-83.56,70,3.13
574,Sitka,85,US,1567229959,90,37.17,-99.65,68,18.01
575,Soledad,1,US,1567230134,82,36.43,-121.33,66,10.29
576,Vardo,1,US,1567229966,94,39.62,-77.74,71.01,3.94
577,Wagar,0,US,1567229966,88,31.44,-87.99,73,4.54
578,Willmar,1,US,1567230114,87,45.12,-95.04,60.8,3.49
579,Chuy,67,UY,1567229979,79,-33.69,-53.46,51.71,8.86
580,Paso de Carrasco,17,UY,1567230016,93,-34.86,-56.05,50,3.4
581,Paso de los Toros,0,UY,1567230007,70,-32.81,-56.52,42.53,6.6
582,Progreso,17,UY,1567230112,93,-34.68,-56.22,50,3.4
583,Rocha,59,UY,1567230147,89,-34.48,-54.34,42.53,4.07
584,Ca Mau,100,VN,1567230105,61,9.18,105.15,88.43,11.18
585,Isangel,90,VU,1567229516,78,-19.55,169.27,77,11.41
586,Lahij,0,YE,1567230078,42,13.06,44.88,90.95,9.55
587,Marzuq,27,YE,1567230117,20,14.4,46.47,87.71,1.1
588,Alice,1,ZA,1567230027,71,-32.79,26.83,50.45,7.2
589,Bredasdorp,23,ZA,1567229973,81,-34.53,20.04,52,9.17
590,Cape Town,75,ZA,1567229506,87,-33.93,18.42,51.01,5.82
591,Carnarvon,0,ZA,1567229982,75,-30.97,22.13,39.11,18.77
592,East London,20,ZA,1567229987,66,-33.02,27.91,55.4,13.87
593,Hermanus,29,ZA,1567229511,80,-34.42,19.24,52,3
594,Kruisfontein,48,ZA,1567230091,74,-34,24.73,50.09,16.35
595,Port Alfred,13,ZA,1567229981,76,-33.59,26.89,55.99,13
596,Prieska,0,ZA,1567230031,73,-29.67,22.74,41.27,16.26
597,Richards Bay,99,ZA,1567230070,86,-28.77,32.06,68.99,3.89
598,Stutterheim,20,ZA,1567229969,66,-32.57,27.43,55.4,13.87
599,Kansanshi,0,ZM,1567229971,27,-12.1,26.43,72.05,8.86
600,Zvishavane,16,ZW,1567230072,33,-20.32,30.05,73.13,7.61
